plan_id,plan_date,facility_id,shift_id,forecast_orders,target_capacity_orders,baseline_fte,baseline_contract,baseline_overtime_hours,baseline_capacity_orders,baseline_labour_cost_inr,recommended_fte,recommended_contract,recommended_overtime_hours,optimized_capacity_orders,optimized_labour_cost_inr,baseline_capacity_gap,optimized_capacity_gap,baseline_utilization,optimized_utilization,cost_savings_inr,cost_savings_pct,overtime_reduction_hours
1,2026-08-01,FC_BLR,S1,3792,3905.8,32,11,0,3876.2,59392.0,39,3,1,3910.0,56650.0,-29.6,4.2,0.9783,0.9698,2742.0,0.0462,-1
2,2026-08-01,FC_BLR,S2,4296,4424.9,36,13,6,4299.9,71354.28,39,12,0,4435.3,72330.72,-125.0,10.4,0.9991,0.9686,-976.44,-0.0137,6
3,2026-08-01,FC_BLR,S3,2700,2781.0,27,9,0,2873.5,54648.0,34,0,0,2824.2,49667.2,92.5,43.2,0.9396,0.956,4980.8,0.0911,0
4,2026-08-01,FC_DEL,S1,4085,4207.6,36,13,0,4281.0,69552.0,43,4,0,4224.0,64816.0,73.4,16.4,0.9542,0.9671,4736.0,0.0681,0
5,2026-08-01,FC_DEL,S2,4663,4802.9,43,15,0,4877.6,84707.2,43,14,0,4803.4,83075.68,74.7,0.5,0.956,0.9708,1631.52,0.0193,0
6,2026-08-01,FC_DEL,S3,2725,2806.8,27,10,0,2857.3,57816.0,35,0,0,2819.2,52360.0,50.5,12.4,0.9537,0.9666,5456.0,0.0944,0
7,2026-08-01,FC_KOL,S1,2843,2928.3,27,9,0,3032.0,46728.0,33,1,0,2961.8,42632.0,103.7,33.5,0.9377,0.9599,4096.0,0.0877,0
8,2026-08-01,FC_KOL,S2,3192,3287.8,31,11,0,3395.0,56254.48,33,7,2,3295.6,53345.76,107.2,7.8,0.9402,0.9686,2908.72,0.0517,-2
9,2026-08-01,FC_KOL,S3,1976,2035.3,21,7,0,2086.1,39978.4,27,0,0,2089.8,37065.6,50.8,54.5,0.9472,0.9455,2912.8,0.0729,0
10,2026-08-01,FC_MUM,S1,3412,3514.4,30,11,0,3543.8,59208.0,39,0,0,3523.4,53976.0,29.4,9.0,0.9628,0.9684,5232.0,0.0884,0
11,2026-08-01,FC_MUM,S2,4030,4150.9,36,12,3,4030.1,72006.27,39,11,0,4189.4,73813.92,-120.8,38.5,1.0,0.962,-1807.65,-0.0251,3
12,2026-08-01,FC_MUM,S3,2574,2651.2,24,9,7,2582.4,54481.9,33,0,2,2654.8,50817.8,-68.8,3.6,0.9967,0.9696,3664.1,0.0673,5
13,2026-08-01,FC_HYD,S1,3216,3312.5,28,10,0,3367.8,50720.0,36,0,0,3329.2,46080.0,55.3,16.7,0.9549,0.966,4640.0,0.0915,0
14,2026-08-01,FC_HYD,S2,3581,3688.4,32,11,0,3668.8,59047.84,36,7,0,3725.1,58190.88,-19.6,36.7,0.9761,0.9613,856.96,0.0145,0
15,2026-08-01,FC_HYD,S3,2236,2303.1,21,8,0,2268.8,42662.4,28,0,2,2308.5,39958.6,-34.3,5.4,0.9855,0.9686,2703.8,0.0634,-2
16,2026-08-02,FC_BLR,S1,3430,3532.9,29,10,0,3515.3,53872.0,38,0,0,3568.2,50464.0,-17.6,35.3,0.9757,0.9613,3408.0,0.0633,0
17,2026-08-02,FC_BLR,S2,3989,4108.7,34,12,1,3993.8,65749.02,39,8,0,4130.6,66002.4,-114.9,21.9,0.9988,0.9657,-253.38,-0.0039,1
18,2026-08-02,FC_BLR,S3,2385,2456.6,23,8,0,2471.1,47115.2,30,0,0,2491.9,43824.0,14.5,35.3,0.9652,0.9571,3291.2,0.0699,0
19,2026-08-02,FC_DEL,S1,3604,3712.1,32,11,0,3762.5,60944.0,41,0,0,3733.2,55760.0,50.4,21.1,0.9579,0.9654,5184.0,0.0851,0
20,2026-08-02,FC_DEL,S2,4258,4385.7,37,13,6,4261.5,74633.8,43,9,0,4432.4,74918.08,-124.2,46.7,0.9992,0.9607,-284.28,-0.0038,6
21,2026-08-02,FC_DEL,S3,2710,2791.3,26,9,1,2717.4,54861.4,35,0,0,2819.2,52360.0,-73.9,27.9,0.9973,0.9613,2501.4,0.0456,1
22,2026-08-02,FC_KOL,S1,2500,2575.0,21,8,8,2509.5,39680.0,30,0,0,2624.9,37440.0,-65.5,49.9,0.9962,0.9524,2240.0,0.0565,8
23,2026-08-02,FC_KOL,S2,2913,3000.4,26,9,9,2914.4,49032.12,33,3,2,3009.5,47380.0,-86.0,9.1,0.9995,0.9679,1652.12,0.0337,7
24,2026-08-02,FC_KOL,S3,1868,1924.0,21,7,0,2086.1,39978.4,25,0,0,1935.0,34320.0,162.1,11.0,0.8955,0.9654,5658.4,0.1415,0
25,2026-08-02,FC_MUM,S1,3338,3438.1,30,10,0,3468.1,57600.0,38,0,1,3442.9,52855.0,30.0,4.8,0.9625,0.9695,4745.0,0.0824,-1
26,2026-08-02,FC_MUM,S2,3845,3960.3,36,13,0,4074.5,72849.84,39,8,0,3970.8,68845.2,114.2,10.5,0.9437,0.9683,4004.64,0.055,0
27,2026-08-02,FC_MUM,S3,2425,2497.8,24,8,0,2454.3,50688.0,32,0,0,2557.4,48716.8,-43.5,59.6,0.9881,0.9482,1971.2,0.0389,0
28,2026-08-02,FC_HYD,S1,2896,2982.9,24,8,6,2902.9,44082.0,33,0,0,3051.7,42240.0,-80.0,68.8,0.9976,0.949,1842.0,0.0418,6
29,2026-08-02,FC_HYD,S2,3255,3352.7,29,10,0,3327.2,53560.0,36,2,1,3360.5,50777.97,-25.5,7.8,0.9783,0.9686,2782.03,0.0519,-1
30,2026-08-02,FC_HYD,S3,2018,2078.5,20,7,0,2118.2,39617.6,26,0,0,2127.0,36608.0,39.7,48.5,0.9527,0.9488,3009.6,0.076,0
31,2026-08-03,FC_BLR,S1,2692,2772.8,21,8,9,2698.2,42426.0,30,0,0,2817.0,39840.0,-74.6,44.2,0.9977,0.9556,2586.0,0.061,9
32,2026-08-03,FC_BLR,S2,3038,3129.1,27,9,0,3123.4,51170.4,35,0,0,3160.1,47874.4,-5.7,31.0,0.9727,0.9614,3296.0,0.0644,0
33,2026-08-03,FC_BLR,S3,1858,1913.7,18,6,0,1915.7,36432.0,23,0,1,1919.6,33873.4,2.0,5.9,0.9699,0.9679,2558.6,0.0702,-1
34,2026-08-03,FC_DEL,S1,2848,2933.4,26,9,0,3061.8,49616.0,32,0,2,2933.7,44036.0,128.4,0.3,0.9302,0.9708,5580.0,0.1125,-2
35,2026-08-03,FC_DEL,S2,3447,3550.4,30,10,9,3454.8,60730.86,41,0,0,3589.6,57432.8,-95.6,39.2,0.9977,0.9603,3298.06,0.0543,9
36,2026-08-03,FC_DEL,S3,2130,2193.9,21,8,0,2237.5,45355.2,28,0,0,2255.3,41888.0,43.6,61.4,0.952,0.9444,3467.2,0.0764,0
37,2026-08-03,FC_KOL,S1,2045,2106.3,19,7,0,2183.3,33848.0,24,0,1,2109.5,30188.0,77.0,3.2,0.9367,0.9694,3660.0,0.1081,-1
38,2026-08-03,FC_KOL,S2,2385,2456.6,22,8,0,2423.2,40211.2,30,0,0,2524.0,38563.2,-33.4,67.4,0.9842,0.9449,1648.0,0.041,0
39,2026-08-03,FC_KOL,S3,1526,1571.8,16,6,0,1633.3,31521.6,21,0,0,1625.4,28828.8,61.5,53.6,0.9343,0.9388,2692.8,0.0854,0
40,2026-08-03,FC_MUM,S1,2548,2624.4,22,8,0,2593.8,43312.0,29,0,1,2629.8,40399.0,-30.6,5.4,0.9823,0.9689,2913.0,0.0673,-1
41,2026-08-03,FC_MUM,S2,2928,3015.8,27,10,0,3074.1,55051.44,35,0,0,3040.4,49893.2,58.3,24.6,0.9525,0.963,5158.24,0.0937,0
42,2026-08-03,FC_MUM,S3,1817,1871.5,18,7,0,1907.8,39784.8,24,0,0,1918.0,36537.6,36.3,46.5,0.9524,0.9473,3247.2,0.0816,0
43,2026-08-03,FC_HYD,S1,2196,2261.9,19,7,0,2302.0,34736.0,25,0,0,2311.9,32000.0,40.1,50.0,0.954,0.9499,2736.0,0.0788,0
44,2026-08-03,FC_HYD,S2,2498,2572.9,24,8,0,2732.9,43902.72,29,0,0,2578.7,38233.6,160.0,5.8,0.914,0.9687,5669.12,0.1291,0
45,2026-08-03,FC_HYD,S3,1591,1638.7,17,6,0,1803.9,33756.8,20,0,1,1645.1,28427.3,165.2,6.4,0.882,0.9671,5329.5,0.1579,-1
46,2026-08-04,FC_BLR,S1,2757,2839.7,24,9,0,2966.6,45696.0,31,0,0,2910.9,41168.0,126.9,71.2,0.9293,0.9471,4528.0,0.0991,0
47,2026-08-04,FC_BLR,S2,3143,3237.3,28,10,0,3289.8,54120.32,36,0,0,3250.4,49242.24,52.5,13.1,0.9554,0.967,4878.08,0.0901,0
48,2026-08-04,FC_BLR,S3,1952,2010.6,19,7,0,2068.8,39582.4,24,0,2,2011.7,35609.2,58.2,1.1,0.9435,0.9703,3973.2,0.1004,-2
49,2026-08-04,FC_DEL,S1,2991,3080.7,27,10,0,3230.0,52560.0,34,0,0,3095.8,46240.0,149.3,15.1,0.926,0.9661,6320.0,0.1202,0
50,2026-08-04,FC_DEL,S2,3411,3513.3,31,11,0,3530.2,61371.52,40,0,2,3521.3,56563.48,16.9,8.0,0.9662,0.9687,4808.04,0.0783,-2
51,2026-08-04,FC_DEL,S3,2186,2251.6,22,8,0,2318.1,46851.2,28,0,0,2255.3,41888.0,66.5,3.7,0.943,0.9693,4963.2,0.1059,0
52,2026-08-04,FC_KOL,S1,2101,2164.0,19,7,0,2183.3,33848.0,25,0,0,2187.4,31200.0,19.3,23.4,0.9623,0.9605,2648.0,0.0782,0
53,2026-08-04,FC_KOL,S2,2337,2407.1,23,8,0,2507.3,41496.64,29,0,0,2439.8,37277.76,100.2,32.7,0.9321,0.9579,4218.88,0.1017,0
54,2026-08-04,FC_KOL,S3,1478,1522.3,15,5,0,1490.1,28556.0,20,0,0,1548.0,27456.0,-32.2,25.7,0.9919,0.9548,1100.0,0.0385,0
55,2026-08-04,FC_MUM,S1,2651,2730.5,24,8,0,2774.5,46080.0,31,0,0,2800.6,42904.0,44.0,70.1,0.9555,0.9466,3176.0,0.0689,0
56,2026-08-04,FC_MUM,S2,2915,3002.5,27,9,0,3001.2,53395.2,35,0,0,3040.4,49893.2,-1.3,37.9,0.9713,0.9588,3502.0,0.0656,0
57,2026-08-04,FC_MUM,S3,1927,1984.8,20,7,0,2067.6,42829.6,25,0,0,1998.0,38060.0,82.8,13.2,0.932,0.9645,4769.6,0.1114,0
58,2026-08-04,FC_HYD,S1,2231,2297.9,18,7,3,2239.8,34185.0,25,0,0,2311.9,32000.0,-58.1,14.0,0.9961,0.965,2185.0,0.0639,3
59,2026-08-04,FC_HYD,S2,2671,2751.1,24,8,0,2732.9,43902.72,31,0,0,2756.5,40870.4,-18.2,5.4,0.9774,0.969,3032.32,0.0691,0
60,2026-08-04,FC_HYD,S3,1624,1672.7,16,6,0,1722.1,32348.8,21,0,0,1717.9,29568.0,49.4,45.2,0.943,0.9453,2780.8,0.086,0
61,2026-08-05,FC_BLR,S1,2915,3002.5,25,9,0,3060.5,47024.0,32,0,0,3004.8,42496.0,58.0,2.3,0.9525,0.9701,4528.0,0.0963,0
62,2026-08-05,FC_BLR,S2,3207,3303.2,29,10,0,3380.1,55488.16,37,0,0,3340.7,50610.08,76.9,37.5,0.9488,0.96,4878.08,0.0879,0
63,2026-08-05,FC_BLR,S3,2054,2115.6,20,7,0,2151.9,41043.2,26,0,0,2159.7,37980.8,36.3,44.1,0.9545,0.9511,3062.4,0.0746,0
64,2026-08-05,FC_DEL,S1,2900,2987.0,27,9,0,3152.9,50976.0,33,0,0,3004.8,44880.0,165.9,17.8,0.9198,0.9651,6096.0,0.1196,0
65,2026-08-05,FC_DEL,S2,3525,3630.8,32,11,0,3617.7,62772.32,42,0,0,3677.2,58833.6,-13.1,46.4,0.9744,0.9586,3938.72,0.0627,0
66,2026-08-05,FC_DEL,S3,2204,2270.1,23,8,0,2398.6,48347.2,28,0,2,2273.0,42455.6,128.5,2.9,0.9189,0.9696,5891.6,0.1219,-2
67,2026-08-05,FC_KOL,S1,2270,2338.1,21,8,0,2432.6,37792.0,27,0,0,2362.4,33696.0,94.5,24.3,0.9332,0.9609,4096.0,0.1084,0
68,2026-08-05,FC_KOL,S2,2476,2550.3,23,8,0,2507.3,41496.64,31,0,0,2608.1,39848.64,-43.0,57.8,0.9875,0.9494,1648.0,0.0397,0
69,2026-08-05,FC_KOL,S3,1538,1584.1,16,5,0,1567.5,29928.8,21,0,0,1625.4,28828.8,-16.6,41.3,0.9812,0.9462,1100.0,0.0368,0
70,2026-08-05,FC_MUM,S1,2795,2878.8,26,9,0,3030.9,50456.0,32,0,0,2891.0,44288.0,152.1,12.2,0.9222,0.9668,6168.0,0.1222,0
71,2026-08-05,FC_MUM,S2,3178,3273.3,28,10,2,3179.9,57018.74,38,0,0,3301.0,54169.76,-93.4,27.7,0.9994,0.9627,2848.98,0.05,2
72,2026-08-05,FC_MUM,S3,1963,2021.9,21,7,0,2147.5,44352.0,26,0,0,2077.9,39582.4,125.6,56.0,0.9141,0.9447,4769.6,0.1075,0
73,2026-08-05,FC_HYD,S1,2468,2542.0,20,7,8,2475.3,37960.0,28,0,0,2589.4,35840.0,-66.7,47.4,0.9971,0.9531,2120.0,0.0558,8
74,2026-08-05,FC_HYD,S2,2900,2987.0,25,9,1,2906.4,47004.05,34,0,0,3023.3,44825.6,-80.6,36.3,0.9978,0.9592,2178.45,0.0463,1
75,2026-08-05,FC_HYD,S3,1704,1755.1,16,5,6,1706.9,32315.8,22,0,0,1799.7,30976.0,-48.2,44.6,0.9983,0.9468,1339.8,0.0415,6
76,2026-08-06,FC_BLR,S1,2943,3031.3,24,8,6,2949.0,45660.0,33,0,0,3098.7,43824.0,-82.3,67.4,0.998,0.9498,1836.0,0.0402,6
77,2026-08-06,FC_BLR,S2,3237,3334.1,28,10,0,3289.8,54120.32,37,0,0,3340.7,50610.08,-44.3,6.6,0.984,0.969,3510.24,0.0649,0
78,2026-08-06,FC_BLR,S3,2120,2183.6,20,7,0,2151.9,41043.2,27,0,0,2242.8,39441.6,-31.7,59.2,0.9852,0.9452,1601.6,0.039,0
79,2026-08-06,FC_DEL,S1,3229,3325.9,27,9,8,3232.7,53040.0,37,0,0,3369.0,50320.0,-93.2,43.1,0.9989,0.9584,2720.0,0.0513,8
80,2026-08-06,FC_DEL,S2,3643,3752.3,33,12,0,3779.5,65804.64,43,0,0,3764.7,60234.4,27.2,12.4,0.9639,0.9677,5570.24,0.0846,0
81,2026-08-06,FC_DEL,S3,2339,2409.2,23,8,0,2398.6,48347.2,30,0,0,2416.4,44880.0,-10.6,7.2,0.9752,0.968,3467.2,0.0717,0
82,2026-08-06,FC_KOL,S1,2264,2331.9,19,7,9,2269.7,35972.0,27,0,0,2362.4,33696.0,-62.2,30.5,0.9975,0.9583,2276.0,0.0633,9
83,2026-08-06,FC_KOL,S2,2588,2665.6,24,9,0,2663.0,44273.52,32,0,0,2692.2,41134.08,-2.6,26.6,0.9718,0.9613,3139.44,0.0709,0
84,2026-08-06,FC_KOL,S3,1590,1637.7,16,5,3,1593.0,30707.6,21,0,2,1642.4,29348.0,-44.7,4.7,0.9981,0.9681,1359.6,0.0443,1
85,2026-08-06,FC_MUM,S1,2739,2821.2,24,8,0,2774.5,46080.0,32,0,0,2891.0,44288.0,-46.7,69.8,0.9872,0.9474,1792.0,0.0389,0
86,2026-08-06,FC_MUM,S2,3393,3494.8,32,11,0,3581.3,63835.28,39,2,0,3533.6,58907.76,86.5,38.8,0.9474,0.9602,4927.52,0.0772,0
87,2026-08-06,FC_MUM,S3,2094,2156.8,20,7,4,2102.5,43986.8,27,0,0,2157.8,41104.8,-54.3,1.0,0.996,0.9704,2882.0,0.0655,4
88,2026-08-06,FC_HYD,S1,2511,2586.3,22,8,0,2657.3,40064.0,28,0,0,2589.4,35840.0,71.0,3.1,0.9449,0.9697,4224.0,0.1054,0
89,2026-08-06,FC_HYD,S2,2806,2890.2,24,8,8,2810.6,45905.04,33,0,0,2934.4,43507.2,-79.6,44.2,0.9984,0.9562,2397.84,0.0522,8
90,2026-08-06,FC_HYD,S3,1729,1780.9,17,6,0,1803.9,33756.8,22,0,0,1799.7,30976.0,23.0,18.8,0.9585,0.9607,2780.8,0.0824,0
91,2026-08-07,FC_BLR,S1,3147,3241.4,26,9,0,3154.4,48352.0,35,0,0,3286.5,46480.0,-87.0,45.1,0.9977,0.9576,1872.0,0.0387,0
92,2026-08-07,FC_BLR,S2,3599,3707.0,32,11,0,3727.2,61173.76,39,3,0,3749.8,58092.0,20.2,42.8,0.9656,0.9598,3081.76,0.0504,0
93,2026-08-07,FC_BLR,S3,2178,2243.3,21,8,0,2305.0,44193.6,27,0,1,2251.8,39716.6,61.7,8.5,0.9449,0.9672,4477.0,0.1013,-1
94,2026-08-07,FC_DEL,S1,3408,3510.2,30,10,0,3503.2,56640.0,39,0,0,3551.1,53040.0,-7.0,40.9,0.9728,0.9597,3600.0,0.0636,0
95,2026-08-07,FC_DEL,S2,3924,4041.7,35,12,0,3954.6,68606.24,43,4,0,4061.5,66760.48,-87.1,19.8,0.9923,0.9661,1845.76,0.0269,0
96,2026-08-07,FC_DEL,S3,2482,2556.5,25,9,0,2628.0,53081.6,32,0,0,2577.5,47872.0,71.5,21.0,0.9444,0.9629,5209.6,0.0981,0
97,2026-08-07,FC_KOL,S1,2255,2322.7,21,7,0,2358.2,36344.0,27,0,0,2362.4,33696.0,35.5,39.7,0.9562,0.9545,2648.0,0.0729,0
98,2026-08-07,FC_KOL,S2,2780,2863.4,26,9,0,2831.3,46844.4,33,1,2,2866.4,44397.12,-32.1,3.0,0.9819,0.9699,2447.28,0.0522,-2
99,2026-08-07,FC_KOL,S3,1704,1755.1,18,6,0,1788.1,34267.2,23,0,0,1780.2,31574.4,33.0,25.1,0.953,0.9572,2692.8,0.0786,0
100,2026-08-07,FC_MUM,S1,3080,3172.4,26,9,5,3080.2,51771.0,35,0,2,3181.7,48966.0,-92.2,9.3,0.9999,0.968,2805.0,0.0542,3
101,2026-08-07,FC_MUM,S2,3560,3666.8,32,11,0,3581.3,63835.28,39,4,0,3679.3,62220.24,-85.5,12.5,0.9941,0.9676,1615.04,0.0253,0
102,2026-08-07,FC_MUM,S3,2234,2301.0,23,8,0,2374.4,49165.6,29,0,0,2317.6,44149.6,73.4,16.6,0.9409,0.9639,5016.0,0.102,0
103,2026-08-07,FC_HYD,S1,2554,2630.6,21,8,0,2564.8,38784.0,29,0,0,2681.8,37120.0,-65.8,51.2,0.9958,0.9523,1664.0,0.0429,0
104,2026-08-07,FC_HYD,S2,3076,3168.3,28,10,0,3238.3,52241.6,36,0,0,3201.1,47462.4,70.0,32.8,0.9499,0.9609,4779.2,0.0915,0
105,2026-08-07,FC_HYD,S3,2028,2088.8,20,7,0,2118.2,39617.6,26,0,0,2127.0,36608.0,29.4,38.2,0.9574,0.9535,3009.6,0.076,0
106,2026-08-08,FC_BLR,S1,3382,3483.5,30,10,0,3609.2,55200.0,37,0,1,3484.6,49386.0,125.7,1.1,0.937,0.9706,5814.0,0.1053,-1
107,2026-08-08,FC_BLR,S2,4093,4215.8,35,12,2,4094.0,67374.36,39,9,1,4216.7,67841.98,-121.8,0.9,0.9998,0.9707,-467.62,-0.0069,1
108,2026-08-08,FC_BLR,S3,2487,2561.6,23,8,2,2489.3,47665.2,31,0,0,2575.0,45284.8,-72.3,13.4,0.9991,0.9658,2380.4,0.0499,2
109,2026-08-08,FC_DEL,S1,3648,3757.4,32,11,0,3762.5,60944.0,42,0,0,3824.3,57120.0,5.1,66.9,0.9696,0.9539,3824.0,0.0627,0
110,2026-08-08,FC_DEL,S2,4176,4301.3,37,13,0,4203.9,73039.36,43,7,2,4303.3,72186.52,-97.4,2.0,0.9934,0.9704,852.84,0.0117,-2
111,2026-08-08,FC_DEL,S3,2706,2787.2,26,9,0,2708.5,54577.6,35,0,0,2819.2,52360.0,-78.7,32.0,0.9991,0.9598,2217.6,0.0406,0
112,2026-08-08,FC_KOL,S1,2506,2581.2,23,8,0,2607.6,40288.0,30,0,0,2624.9,37440.0,26.4,43.7,0.961,0.9547,2848.0,0.0707,0
113,2026-08-08,FC_KOL,S2,2843,2928.3,27,10,0,2987.0,49621.28,33,2,1,2928.7,45645.48,58.7,0.4,0.9518,0.9707,3975.8,0.0801,-1
114,2026-08-08,FC_KOL,S3,1831,1885.9,19,7,0,1931.3,37232.8,25,0,0,1935.0,34320.0,45.4,49.1,0.9481,0.9463,2912.8,0.0782,0
115,2026-08-08,FC_MUM,S1,3362,3462.9,28,10,8,3366.3,56936.0,39,0,0,3523.4,53976.0,-96.6,60.5,0.9987,0.9542,2960.0,0.052,8
116,2026-08-08,FC_MUM,S2,3570,3677.1,32,11,0,3581.3,63835.28,39,4,0,3679.3,62220.24,-95.8,2.2,0.9968,0.9703,1615.04,0.0253,0
117,2026-08-08,FC_MUM,S3,2312,2381.4,23,8,0,2374.4,49165.6,30,0,0,2397.6,45672.0,-7.0,16.2,0.9737,0.9643,3493.6,0.0711,0
118,2026-08-08,FC_HYD,S1,2878,2964.3,26,9,0,3105.0,46672.0,32,0,1,2969.4,41203.0,140.7,5.1,0.9269,0.9692,5469.0,0.1172,-1
119,2026-08-08,FC_HYD,S2,3212,3308.4,29,10,0,3327.2,53560.0,36,2,0,3350.8,50527.68,18.8,42.4,0.9654,0.9586,3032.32,0.0566,0
120,2026-08-08,FC_HYD,S3,2026,2086.8,20,7,0,2118.2,39617.6,26,0,0,2127.0,36608.0,31.4,40.2,0.9565,0.9525,3009.6,0.076,0
121,2026-08-09,FC_BLR,S1,3152,3246.6,26,9,0,3154.4,48352.0,35,0,0,3286.5,46480.0,-92.2,39.9,0.9992,0.9591,1872.0,0.0387,0
122,2026-08-09,FC_BLR,S2,3548,3654.4,30,11,1,3556.5,58695.58,39,2,0,3673.6,56509.92,-97.9,19.2,0.9976,0.9658,2185.66,0.0372,1
123,2026-08-09,FC_BLR,S3,2165,2230.0,22,8,0,2388.1,45654.4,27,0,0,2242.8,39441.6,158.1,12.8,0.9066,0.9653,6212.8,0.1361,0
124,2026-08-09,FC_DEL,S1,3315,3414.5,29,10,0,3412.1,55280.0,38,0,0,3460.1,51680.0,-2.4,45.6,0.9715,0.9581,3600.0,0.0651,0
125,2026-08-09,FC_DEL,S2,3828,3942.8,34,12,0,3867.0,67205.44,43,3,0,3987.3,65128.96,-75.8,44.5,0.9899,0.96,2076.48,0.0309,0
126,2026-08-09,FC_DEL,S3,2401,2473.0,24,9,0,2547.4,51585.6,31,0,0,2497.0,46376.0,74.4,24.0,0.9425,0.9616,5209.6,0.101,0
127,2026-08-09,FC_KOL,S1,2316,2385.5,21,7,0,2358.2,36344.0,28,0,0,2449.9,34944.0,-27.3,64.4,0.9821,0.9453,1400.0,0.0385,0
128,2026-08-09,FC_KOL,S2,2735,2817.1,26,9,0,2831.3,46844.4,33,1,0,2847.9,43910.96,14.2,30.8,0.966,0.9604,2933.44,0.0626,0
129,2026-08-09,FC_KOL,S3,1668,1718.0,16,6,5,1675.8,32819.6,22,0,2,1719.8,30720.8,-42.2,1.8,0.9953,0.9699,2098.8,0.0639,3
130,2026-08-09,FC_MUM,S1,3042,3133.3,27,9,0,3121.3,51840.0,35,0,0,3162.0,48440.0,-12.0,28.7,0.9746,0.962,3400.0,0.0656,0
131,2026-08-09,FC_MUM,S2,3476,3580.3,31,11,0,3494.4,62409.76,39,3,0,3606.4,60564.0,-85.9,26.1,0.9947,0.9638,1845.76,0.0296,0
132,2026-08-09,FC_MUM,S3,2168,2233.0,22,8,0,2294.5,47643.2,28,0,0,2237.7,42627.2,61.5,4.7,0.9449,0.9689,5016.0,0.1053,0
133,2026-08-09,FC_HYD,S1,2523,2598.7,23,8,0,2749.7,41344.0,28,0,1,2599.5,36083.0,151.0,0.8,0.9176,0.9706,5261.0,0.1272,-1
134,2026-08-09,FC_HYD,S2,2869,2955.1,26,9,0,2985.6,48072.16,34,0,0,3023.3,44825.6,30.5,68.2,0.9609,0.949,3246.56,0.0675,0
135,2026-08-09,FC_HYD,S3,1854,1909.6,18,6,0,1885.7,35164.8,24,0,0,1963.4,33792.0,-23.9,53.8,0.9832,0.9443,1372.8,0.039,0
136,2026-08-10,FC_BLR,S1,2921,3008.6,24,8,4,2928.5,45160.0,32,0,1,3015.1,42746.0,-80.1,6.5,0.9974,0.9688,2414.0,0.0535,3
137,2026-08-10,FC_BLR,S2,3338,3438.1,30,10,0,3470.4,56856.0,38,0,1,3440.8,52235.42,32.3,2.7,0.9618,0.9701,4620.58,0.0813,-1
138,2026-08-10,FC_BLR,S3,2191,2256.7,21,7,0,2234.9,42504.0,27,0,2,2260.9,39991.6,-21.8,4.2,0.9804,0.9691,2512.4,0.0591,-2
139,2026-08-10,FC_DEL,S1,3360,3460.8,29,10,0,3412.1,55280.0,38,0,1,3470.0,51938.0,-48.7,9.2,0.9847,0.9683,3342.0,0.0605,-1
140,2026-08-10,FC_DEL,S2,3791,3904.7,33,12,2,3798.7,66336.12,43,2,0,3913.1,63497.44,-106.0,8.4,0.998,0.9688,2838.68,0.0428,2
141,2026-08-10,FC_DEL,S3,2269,2337.1,23,8,0,2398.6,48347.2,29,0,1,2344.7,43667.8,61.5,7.6,0.946,0.9677,4679.4,0.0968,-1
142,2026-08-10,FC_KOL,S1,2290,2358.7,22,8,0,2520.1,39040.0,27,0,0,2362.4,33696.0,161.4,3.7,0.9087,0.9694,5344.0,0.1369,0
143,2026-08-10,FC_KOL,S2,2601,2679.0,24,9,0,2663.0,44273.52,32,0,0,2692.2,41134.08,-16.0,13.2,0.9767,0.9661,3139.44,0.0709,0
144,2026-08-10,FC_KOL,S3,1657,1706.7,18,6,0,1788.1,34267.2,22,0,1,1711.3,30461.2,81.4,4.6,0.9267,0.9683,3806.0,0.1111,-1
145,2026-08-10,FC_MUM,S1,2825,2909.8,26,9,0,3030.9,50456.0,32,0,2,2910.7,44814.0,121.1,0.9,0.9321,0.9706,5642.0,0.1118,-2
146,2026-08-10,FC_MUM,S2,3308,3407.2,30,10,0,3334.7,59328.0,39,1,0,3460.7,57251.52,-72.5,53.5,0.992,0.9559,2076.48,0.035,0
147,2026-08-10,FC_MUM,S3,1976,2035.3,20,7,0,2067.6,42829.6,26,0,0,2077.9,39582.4,32.3,42.6,0.9557,0.951,3247.2,0.0758,0
148,2026-08-10,FC_HYD,S1,2495,2569.8,21,8,0,2564.8,38784.0,28,0,0,2589.4,35840.0,-5.0,19.6,0.9728,0.9635,2944.0,0.0759,0
149,2026-08-10,FC_HYD,S2,2875,2961.2,25,9,0,2896.7,46753.76,34,0,0,3023.3,44825.6,-64.5,62.1,0.9925,0.9509,1928.16,0.0412,0
150,2026-08-10,FC_HYD,S3,1790,1843.7,17,6,0,1803.9,33756.8,23,0,0,1881.5,32384.0,-39.8,37.8,0.9923,0.9514,1372.8,0.0407,0
151,2026-08-11,FC_BLR,S1,3091,3183.7,26,9,0,3154.4,48352.0,34,0,0,3192.6,45152.0,-29.3,8.9,0.9799,0.9682,3200.0,0.0662,0
152,2026-08-11,FC_BLR,S2,3497,3601.9,30,11,0,3546.6,58438.08,39,1,1,3607.3,55185.34,-55.3,5.4,0.986,0.9694,3252.74,0.0557,-1
153,2026-08-11,FC_BLR,S3,2321,2390.6,21,8,2,2323.2,44743.6,29,0,0,2408.9,42363.2,-67.4,18.3,0.9991,0.9635,2380.4,0.0532,2
154,2026-08-11,FC_DEL,S1,3477,3581.3,30,10,0,3503.2,56640.0,40,0,0,3642.2,54400.0,-78.1,60.9,0.9925,0.9546,2240.0,0.0395,0
155,2026-08-11,FC_DEL,S2,3905,4022.2,34,12,4,3905.4,68268.4,43,4,0,4061.5,66760.48,-116.8,39.3,0.9999,0.9615,1507.92,0.0221,4
156,2026-08-11,FC_DEL,S3,2402,2474.1,24,9,0,2547.4,51585.6,31,0,0,2497.0,46376.0,73.3,22.9,0.9429,0.962,5209.6,0.101,0
157,2026-08-11,FC_KOL,S1,2385,2456.6,22,8,0,2520.1,39040.0,28,0,1,2459.5,35180.0,63.5,2.9,0.9464,0.9697,3860.0,0.0989,-1
158,2026-08-11,FC_KOL,S2,2768,2851.0,26,9,0,2831.3,46844.4,33,1,1,2857.1,44154.04,-19.7,6.1,0.9776,0.9688,2690.36,0.0574,-1
159,2026-08-11,FC_KOL,S3,1699,1750.0,16,6,8,1701.3,33598.4,23,0,0,1780.2,31574.4,-48.7,30.2,0.9986,0.9544,2024.0,0.0602,8
160,2026-08-11,FC_MUM,S1,2985,3074.6,26,9,0,3030.9,50456.0,34,0,1,3081.5,47319.0,-43.7,6.9,0.9849,0.9687,3137.0,0.0622,-1
161,2026-08-11,FC_MUM,S2,3425,3527.8,33,11,0,3668.1,65260.8,39,2,0,3533.6,58907.76,140.3,5.8,0.9337,0.9693,6353.04,0.0973,0
162,2026-08-11,FC_MUM,S3,2251,2318.5,22,8,0,2294.5,47643.2,29,0,1,2326.4,44438.9,-24.0,7.9,0.981,0.9676,3204.3,0.0673,-1
163,2026-08-11,FC_HYD,S1,2765,2848.0,24,8,0,2842.2,42624.0,31,0,0,2866.8,39680.0,-5.8,18.8,0.9728,0.9645,2944.0,0.0691,0
164,2026-08-11,FC_HYD,S2,3062,3153.9,27,10,0,3149.4,50923.2,36,0,0,3201.1,47462.4,-4.5,47.2,0.9722,0.9565,3460.8,0.068,0
165,2026-08-11,FC_HYD,S3,1858,1913.7,18,7,0,1954.6,36801.6,24,0,0,1963.4,33792.0,40.9,49.7,0.9506,0.9463,3009.6,0.0818,0
166,2026-08-12,FC_BLR,S1,3346,3446.4,28,10,0,3421.4,52544.0,37,0,0,3474.3,49136.0,-25.0,27.9,0.978,0.9631,3408.0,0.0649,0
167,2026-08-12,FC_BLR,S2,3707,3818.2,32,11,0,3727.2,61173.76,39,4,0,3825.9,59674.08,-91.0,7.7,0.9946,0.9689,1499.68,0.0245,0
168,2026-08-12,FC_BLR,S3,2367,2438.0,22,8,0,2388.1,45654.4,30,0,0,2491.9,43824.0,-49.9,53.9,0.9912,0.9499,1830.4,0.0401,0
169,2026-08-12,FC_DEL,S1,3472,3576.2,30,10,0,3503.2,56640.0,40,0,0,3642.2,54400.0,-73.0,66.0,0.9911,0.9533,2240.0,0.0395,0
170,2026-08-12,FC_DEL,S2,4141,4265.2,38,13,0,4291.4,74440.16,43,7,0,4284.1,71655.04,26.2,18.9,0.965,0.9666,2785.12,0.0374,0
171,2026-08-12,FC_DEL,S3,2488,2562.6,25,9,0,2628.0,53081.6,32,0,0,2577.5,47872.0,65.4,14.9,0.9467,0.9653,5209.6,0.0981,0
172,2026-08-12,FC_KOL,S1,2458,2531.7,23,8,0,2607.6,40288.0,29,0,0,2537.4,36192.0,75.9,5.7,0.9426,0.9687,4096.0,0.1017,0
173,2026-08-12,FC_KOL,S2,2700,2781.0,27,9,0,2915.4,48129.84,33,0,1,2785.6,42662.6,134.4,4.6,0.9261,0.9693,5467.24,0.1136,-1
174,2026-08-12,FC_KOL,S3,1719,1770.6,18,7,0,1853.9,35860.0,23,0,0,1780.2,31574.4,83.3,9.6,0.9272,0.9656,4285.6,0.1195,0
175,2026-08-12,FC_MUM,S1,3155,3249.7,27,10,0,3197.0,53448.0,36,0,0,3252.3,49824.0,-52.7,2.6,0.9869,0.9701,3624.0,0.0678,0
176,2026-08-12,FC_MUM,S2,3639,3748.2,34,12,0,3827.9,68342.56,39,5,0,3752.2,63876.48,79.7,4.0,0.9507,0.9698,4466.08,0.0653,0
177,2026-08-12,FC_MUM,S3,2259,2326.8,24,8,0,2454.3,50688.0,29,0,2,2335.1,44728.2,127.5,8.3,0.9204,0.9674,5959.8,0.1176,-2
178,2026-08-12,FC_HYD,S1,2693,2773.8,23,8,0,2749.7,41344.0,30,0,0,2774.3,38400.0,-24.1,0.5,0.9794,0.9707,2944.0,0.0712,0
179,2026-08-12,FC_HYD,S2,3102,3195.1,28,10,0,3238.3,52241.6,36,0,0,3201.1,47462.4,43.2,6.0,0.9579,0.969,4779.2,0.0915,0
180,2026-08-12,FC_HYD,S3,1949,2007.5,20,7,0,2118.2,39617.6,25,0,0,2045.2,35200.0,110.7,37.7,0.9201,0.953,4417.6,0.1115,0
181,2026-08-13,FC_BLR,S1,3247,3344.4,27,10,0,3327.5,51216.0,36,0,0,3380.4,47808.0,-16.9,36.0,0.9758,0.9605,3408.0,0.0665,0
182,2026-08-13,FC_BLR,S2,3937,4055.1,34,12,0,3983.9,65491.52,39,7,1,4064.3,64677.82,-71.2,9.2,0.9882,0.9687,813.7,0.0124,-1
183,2026-08-13,FC_BLR,S3,2461,2534.8,24,8,0,2554.2,48576.0,31,0,0,2575.0,45284.8,19.4,40.2,0.9635,0.9557,3291.2,0.0678,0
184,2026-08-13,FC_DEL,S1,3597,3704.9,32,11,0,3762.5,60944.0,41,0,0,3733.2,55760.0,57.6,28.3,0.956,0.9635,5184.0,0.0851,0
185,2026-08-13,FC_DEL,S2,4199,4325.0,37,13,0,4203.9,73039.36,43,8,0,4358.2,73286.56,-121.1,33.2,0.9988,0.9635,-247.2,-0.0034,0
186,2026-08-13,FC_DEL,S3,2579,2656.4,24,9,4,2582.8,52720.8,33,0,0,2658.1,49368.0,-73.6,1.7,0.9985,0.9702,3352.8,0.0636,4
187,2026-08-13,FC_KOL,S1,2538,2614.1,24,8,0,2695.1,41536.0,30,0,0,2624.9,37440.0,81.0,10.8,0.9417,0.9669,4096.0,0.0986,0
188,2026-08-13,FC_KOL,S2,2756,2838.7,26,9,0,2831.3,46844.4,33,1,0,2847.9,43910.96,-7.4,9.2,0.9734,0.9677,2933.44,0.0626,0
189,2026-08-13,FC_KOL,S3,1845,1900.4,18,7,0,1853.9,35860.0,25,0,0,1935.0,34320.0,-46.5,34.6,0.9952,0.9535,1540.0,0.0429,0
190,2026-08-13,FC_MUM,S1,3237,3334.1,30,10,0,3468.1,57600.0,37,0,0,3342.7,51208.0,134.0,8.6,0.9334,0.9684,6392.0,0.111,0
191,2026-08-13,FC_MUM,S2,3619,3727.6,33,11,0,3668.1,65260.8,39,5,0,3752.2,63876.48,-59.5,24.6,0.9866,0.9645,1384.32,0.0212,0
192,2026-08-13,FC_MUM,S3,2291,2359.7,22,8,0,2294.5,47643.2,30,0,0,2397.6,45672.0,-65.2,37.9,0.9985,0.9555,1971.2,0.0414,0
193,2026-08-13,FC_HYD,S1,2907,2994.2,25,9,0,3012.5,45392.0,33,0,0,3051.7,42240.0,18.3,57.5,0.965,0.9526,3152.0,0.0694,0
194,2026-08-13,FC_HYD,S2,3160,3254.8,27,10,2,3168.8,51423.78,36,1,0,3276.0,48995.04,-86.0,21.2,0.9972,0.9646,2428.74,0.0472,2
195,2026-08-13,FC_HYD,S3,1971,2030.1,19,7,0,2036.4,38209.6,25,0,0,2045.2,35200.0,6.3,15.1,0.9679,0.9637,3009.6,0.0788,0
196,2026-08-14,FC_BLR,S1,3455,3558.7,28,10,4,3462.5,53544.0,38,0,0,3568.2,50464.0,-96.2,9.5,0.9978,0.9683,3080.0,0.0575,4
197,2026-08-14,FC_BLR,S2,4177,4302.3,36,12,2,4184.2,68742.2,39,10,2,4302.8,69681.56,-118.1,0.5,0.9983,0.9708,-939.36,-0.0137,0
198,2026-08-14,FC_BLR,S3,2560,2636.8,24,9,0,2624.3,50265.6,32,0,0,2658.1,46745.6,-12.5,21.3,0.9755,0.9631,3520.0,0.07,0
199,2026-08-14,FC_DEL,S1,3861,3976.8,35,12,0,4112.8,66608.0,43,1,0,3992.5,60064.0,136.0,15.7,0.9388,0.9671,6544.0,0.0982,0
200,2026-08-14,FC_DEL,S2,4698,4838.9,42,15,0,4790.0,83306.4,43,15,0,4877.6,84707.2,-48.9,38.7,0.9808,0.9632,-1400.8,-0.0168,0
201,2026-08-14,FC_DEL,S3,2742,2824.3,28,10,0,2937.9,59312.0,35,0,1,2828.0,52643.8,113.6,3.7,0.9333,0.9696,6668.2,0.1124,-1
202,2026-08-14,FC_KOL,S1,2643,2722.3,23,8,4,2646.1,41232.0,32,0,0,2799.9,39936.0,-76.2,77.6,0.9988,0.944,1296.0,0.0314,4
203,2026-08-14,FC_KOL,S2,3070,3162.1,29,10,0,3155.2,52192.16,33,6,0,3205.6,51368.16,-6.9,43.5,0.973,0.9577,824.0,0.0158,0
204,2026-08-14,FC_KOL,S3,1919,1976.6,19,7,0,1931.3,37232.8,26,0,0,2012.4,35692.8,-45.3,35.8,0.9936,0.9536,1540.0,0.0414,0
205,2026-08-14,FC_MUM,S1,3428,3530.8,31,11,0,3634.2,60592.0,39,0,1,3533.2,54239.0,103.4,2.4,0.9433,0.9702,6353.0,0.1048,-1
206,2026-08-14,FC_MUM,S2,3915,4032.5,36,13,0,4074.5,72849.84,39,9,0,4043.6,70501.44,42.0,11.1,0.9609,0.9682,2348.4,0.0322,0
207,2026-08-14,FC_MUM,S3,2477,2551.3,25,9,0,2601.3,53979.2,32,0,0,2557.4,48716.8,50.0,6.1,0.9522,0.9686,5262.4,0.0975,0
208,2026-08-14,FC_HYD,S1,2910,2997.3,25,9,0,3012.5,45392.0,33,0,0,3051.7,42240.0,15.2,54.4,0.966,0.9536,3152.0,0.0694,0
209,2026-08-14,FC_HYD,S2,3587,3694.6,31,11,1,3589.6,57979.73,36,7,0,3725.1,58190.88,-105.0,30.5,0.9993,0.9629,-211.15,-0.0036,1
210,2026-08-14,FC_HYD,S3,2127,2190.8,21,7,0,2200.0,41025.6,27,0,0,2208.8,38016.0,9.2,18.0,0.9668,0.963,3009.6,0.0734,0
211,2026-08-15,FC_BLR,S1,4157,4281.7,34,12,2,4163.8,64084.0,39,8,0,4295.9,64080.0,-117.9,14.2,0.9984,0.9677,4.0,0.0001,2
212,2026-08-15,FC_BLR,S2,4946,5094.4,39,19,0,4968.6,83405.28,39,20,6,5104.0,86532.36,-125.8,9.6,0.9955,0.969,-3127.08,-0.0375,-6
213,2026-08-15,FC_BLR,S3,2935,3023.1,27,9,7,2937.1,56573.0,37,0,0,3073.4,54049.6,-86.0,50.3,0.9993,0.955,2523.4,0.0446,7
214,2026-08-15,FC_DEL,S1,4558,4694.7,41,14,0,4813.4,77936.0,43,10,1,4696.9,74578.0,118.7,2.2,0.9469,0.9704,3358.0,0.0431,-1
215,2026-08-15,FC_DEL,S2,5136,5290.1,43,20,0,5248.5,92864.8,43,21,0,5322.7,94496.32,-41.6,32.6,0.9786,0.9649,-1631.52,-0.0176,0
216,2026-08-15,FC_DEL,S3,3301,3400.0,33,11,0,3408.9,68534.4,42,0,2,3400.7,63399.6,8.9,0.7,0.9683,0.9707,5134.8,0.0749,-2
217,2026-08-15,FC_KOL,S1,3110,3203.3,27,10,1,3116.0,48412.0,33,4,2,3204.2,47448.0,-87.3,0.9,0.9981,0.9706,964.0,0.0199,-1
218,2026-08-15,FC_KOL,S2,3682,3792.5,33,15,0,3849.4,64791.12,33,14,2,3796.4,63785.84,56.9,3.9,0.9565,0.9699,1005.28,0.0155,-2
219,2026-08-15,FC_KOL,S3,2216,2282.5,23,8,0,2306.8,44316.8,30,0,0,2322.0,41184.0,24.3,39.5,0.9606,0.9543,3132.8,0.0707,0
220,2026-08-15,FC_MUM,S1,3909,4026.3,35,12,0,4071.3,67736.0,39,7,0,4053.8,65232.0,45.0,27.5,0.9601,0.9643,2504.0,0.037,0
221,2026-08-15,FC_MUM,S2,4693,4833.8,39,18,0,4699.4,85407.6,39,20,0,4845.1,88720.08,-134.4,11.3,0.9986,0.9686,-3312.48,-0.0388,0
222,2026-08-15,FC_MUM,S3,2923,3010.7,29,10,0,2988.0,61837.6,38,0,0,3036.9,57851.2,-22.7,26.2,0.9782,0.9625,3986.4,0.0645,0
223,2026-08-15,FC_HYD,S1,3540,3646.2,30,10,0,3552.8,53280.0,36,4,1,3650.7,52275.0,-93.4,4.5,0.9964,0.9697,1005.0,0.0189,-1
224,2026-08-15,FC_HYD,S2,3981,4100.4,35,12,0,4010.4,64535.68,36,12,1,4109.1,66104.37,-90.0,8.7,0.9927,0.9688,-1568.69,-0.0243,-1
225,2026-08-15,FC_HYD,S3,2563,2639.9,24,8,6,2567.9,48490.2,33,0,0,2699.6,46464.0,-72.0,59.7,0.9981,0.9494,2026.2,0.0418,6
226,2026-08-16,FC_BLR,S1,3657,3766.7,30,11,0,3688.4,56736.0,39,2,0,3820.5,54864.0,-78.3,53.8,0.9915,0.9572,1872.0,0.033,0
227,2026-08-16,FC_BLR,S2,4166,4291.0,36,13,0,4240.7,69809.28,39,10,1,4292.9,69424.06,-50.3,1.9,0.9824,0.9704,385.22,0.0055,-1
228,2026-08-16,FC_BLR,S3,2623,2701.7,25,9,0,2707.4,51726.4,33,0,0,2741.1,48206.4,5.7,39.4,0.9688,0.9569,3520.0,0.0681,0
229,2026-08-16,FC_DEL,S1,4133,4257.0,36,13,0,4281.0,69552.0,43,5,0,4301.1,66400.0,24.0,44.1,0.9654,0.9609,3152.0,0.0453,0
230,2026-08-16,FC_DEL,S2,4979,5128.4,43,18,0,5100.1,89601.76,43,19,0,5174.3,91233.28,-28.3,45.9,0.9763,0.9623,-1631.52,-0.0182,0
231,2026-08-16,FC_DEL,S3,2938,3026.1,29,10,0,3018.4,60808.0,38,0,0,3060.8,56848.0,-7.7,34.7,0.9734,0.9599,3960.0,0.0651,0
232,2026-08-16,FC_KOL,S1,2867,2953.0,27,9,0,3032.0,46728.0,33,1,0,2961.8,42632.0,79.0,8.8,0.9456,0.968,4096.0,0.0877,0
233,2026-08-16,FC_KOL,S2,3228,3324.8,30,10,0,3239.4,53477.6,33,8,0,3348.7,54351.04,-85.4,23.9,0.9965,0.964,-873.44,-0.0163,0
234,2026-08-16,FC_KOL,S3,2060,2121.8,21,7,0,2086.1,39978.4,28,0,0,2167.2,38438.4,-35.7,45.4,0.9875,0.9505,1540.0,0.0385,0
235,2026-08-16,FC_MUM,S1,3709,3820.3,31,11,8,3713.1,62696.0,39,4,0,3826.5,60408.0,-107.2,6.2,0.9989,0.9693,2288.0,0.0365,8
236,2026-08-16,FC_MUM,S2,4383,4514.5,39,15,0,4480.8,80438.88,39,16,0,4553.7,82095.12,-33.7,39.2,0.9782,0.9625,-1656.24,-0.0206,0
237,2026-08-16,FC_MUM,S3,2705,2786.2,27,10,0,2828.1,58792.8,35,0,0,2797.1,53284.0,41.9,10.9,0.9565,0.9671,5508.8,0.0937,0
238,2026-08-16,FC_HYD,S1,3194,3289.8,28,10,0,3367.8,50720.0,36,0,0,3329.2,46080.0,78.0,39.4,0.9484,0.9594,4640.0,0.0915,0
239,2026-08-16,FC_HYD,S2,3346,3446.4,29,10,2,3346.6,54060.58,36,4,0,3500.5,53592.96,-99.8,54.1,0.9998,0.9559,467.62,0.0086,2
240,2026-08-16,FC_HYD,S3,2362,2432.9,24,9,0,2583.1,48523.2,30,0,0,2454.2,42240.0,150.2,21.3,0.9144,0.9624,6283.2,0.1295,0
241,2026-08-17,FC_BLR,S1,3117,3210.5,26,9,0,3154.4,48352.0,35,0,0,3286.5,46480.0,-56.1,76.0,0.9881,0.9484,1872.0,0.0387,0
242,2026-08-17,FC_BLR,S2,3389,3490.7,30,10,0,3470.4,56856.0,39,0,0,3521.2,53345.76,-20.3,30.5,0.9765,0.9625,3510.24,0.0617,0
243,2026-08-17,FC_BLR,S3,2207,2273.2,21,7,0,2234.9,42504.0,28,0,0,2325.8,40902.4,-38.3,52.6,0.9875,0.9489,1601.6,0.0377,0
244,2026-08-17,FC_DEL,S1,3279,3377.4,28,10,0,3321.1,53920.0,37,0,1,3379.0,50578.0,-56.3,1.6,0.9873,0.9704,3342.0,0.062,-1
245,2026-08-17,FC_DEL,S2,3738,3850.1,34,12,0,3867.0,67205.44,43,1,2,3858.1,62397.4,16.9,8.0,0.9666,0.9689,4808.04,0.0715,-2
246,2026-08-17,FC_DEL,S3,2314,2383.4,24,8,0,2479.2,49843.2,30,0,0,2416.4,44880.0,95.8,33.0,0.9334,0.9576,4963.2,0.0996,0
247,2026-08-17,FC_KOL,S1,2228,2294.8,19,7,5,2231.3,35028.0,27,0,0,2362.4,33696.0,-63.5,67.6,0.9985,0.9431,1332.0,0.038,5
248,2026-08-17,FC_KOL,S2,2553,2629.6,23,8,5,2553.5,42712.04,32,0,0,2692.2,41134.08,-76.1,62.6,0.9998,0.9483,1577.96,0.0369,5
249,2026-08-17,FC_KOL,S3,1646,1695.4,18,7,0,1853.9,35860.0,22,0,0,1702.8,30201.6,158.5,7.4,0.8879,0.9666,5658.4,0.1578,0
250,2026-08-17,FC_MUM,S1,2955,3043.7,27,9,0,3121.3,51840.0,34,0,0,3071.7,47056.0,77.6,28.0,0.9467,0.962,4784.0,0.0923,0
251,2026-08-17,FC_MUM,S2,3228,3324.8,29,10,0,3247.8,57902.48,39,0,0,3387.9,55595.28,-77.0,63.1,0.9939,0.9528,2307.2,0.0398,0
252,2026-08-17,FC_MUM,S3,2033,2094.0,21,7,0,2147.5,44352.0,26,0,2,2095.3,40161.0,53.5,1.3,0.9467,0.9703,4191.0,0.0945,-2
253,2026-08-17,FC_HYD,S1,2442,2515.3,21,7,0,2486.9,37296.0,28,0,0,2589.4,35840.0,-28.4,74.1,0.9819,0.9431,1456.0,0.039,0
254,2026-08-17,FC_HYD,S2,2802,2886.1,24,9,0,2807.7,45435.36,33,0,0,2934.4,43507.2,-78.4,48.3,0.998,0.9549,1928.16,0.0424,0
255,2026-08-17,FC_HYD,S3,1861,1916.8,17,6,7,1866.5,35627.9,24,0,0,1963.4,33792.0,-50.3,46.6,0.9971,0.9478,1835.9,0.0515,7
256,2026-08-18,FC_BLR,S1,2673,2753.2,22,8,0,2699.6,41504.0,30,0,0,2817.0,39840.0,-53.6,63.8,0.9901,0.9489,1664.0,0.0401,0
257,2026-08-18,FC_BLR,S2,3129,3222.9,29,10,0,3380.1,55488.16,36,0,0,3250.4,49242.24,157.2,27.5,0.9257,0.9627,6245.92,0.1126,0
258,2026-08-18,FC_BLR,S3,2006,2066.2,19,7,0,2068.8,39582.4,25,0,0,2076.6,36520.0,2.6,10.4,0.9696,0.966,3062.4,0.0774,0
259,2026-08-18,FC_DEL,S1,2966,3055.0,24,9,9,2969.6,49218.0,34,0,0,3095.8,46240.0,-85.4,40.8,0.9988,0.9581,2978.0,0.0605,9
260,2026-08-18,FC_DEL,S2,3521,3626.6,32,11,0,3617.7,62772.32,42,0,0,3677.2,58833.6,-8.9,50.6,0.9733,0.9575,3938.72,0.0627,0
261,2026-08-18,FC_DEL,S3,2188,2253.6,22,8,0,2318.1,46851.2,28,0,0,2255.3,41888.0,64.5,1.7,0.9439,0.9702,4963.2,0.1059,0
262,2026-08-18,FC_KOL,S1,2164,2228.9,20,7,0,2270.8,35096.0,26,0,0,2274.9,32448.0,41.9,46.0,0.953,0.9513,2648.0,0.0755,0
263,2026-08-18,FC_KOL,S2,2398,2469.9,22,8,0,2423.2,40211.2,30,0,0,2524.0,38563.2,-46.7,54.1,0.9896,0.9501,1648.0,0.041,0
264,2026-08-18,FC_KOL,S3,1528,1573.8,16,6,0,1633.3,31521.6,21,0,0,1625.4,28828.8,59.5,51.6,0.9355,0.9401,2692.8,0.0854,0
265,2026-08-18,FC_MUM,S1,2560,2636.8,23,8,0,2684.1,44696.0,29,0,2,2639.7,40662.0,47.3,2.9,0.9538,0.9698,4034.0,0.0903,-2
266,2026-08-18,FC_MUM,S2,3133,3227.0,29,10,0,3247.8,57902.48,37,0,2,3233.1,53286.02,20.8,6.1,0.9647,0.969,4616.46,0.0797,-2
267,2026-08-18,FC_MUM,S3,1905,1962.2,18,7,0,1907.8,39784.8,25,0,0,1998.0,38060.0,-54.4,35.8,0.9985,0.9535,1724.8,0.0434,0
268,2026-08-18,FC_HYD,S1,2254,2321.6,20,7,0,2394.5,36016.0,25,0,1,2322.0,32243.0,72.9,0.4,0.9413,0.9707,3773.0,0.1048,-1
269,2026-08-18,FC_HYD,S2,2706,2787.2,24,8,0,2732.9,43902.72,32,0,0,2845.4,42188.8,-54.3,58.2,0.9902,0.951,1713.92,0.039,0
270,2026-08-18,FC_HYD,S3,1736,1788.1,18,6,0,1885.7,35164.8,22,0,0,1799.7,30976.0,97.6,11.6,0.9206,0.9646,4188.8,0.1191,0
271,2026-08-19,FC_BLR,S1,2829,2913.9,24,8,0,2887.4,44160.0,31,0,1,2921.2,41418.0,-26.5,7.3,0.9798,0.9684,2742.0,0.0621,-1
272,2026-08-19,FC_BLR,S2,3279,3377.4,28,10,0,3289.8,54120.32,38,0,0,3430.9,51977.92,-87.6,53.5,0.9967,0.9557,2142.4,0.0396,0
273,2026-08-19,FC_BLR,S3,2088,2150.6,21,7,0,2234.9,42504.0,26,0,0,2159.7,37980.8,84.3,9.1,0.9343,0.9668,4523.2,0.1064,0
274,2026-08-19,FC_DEL,S1,2872,2958.2,24,8,7,2872.4,47118.0,33,0,0,3004.8,44880.0,-85.8,46.6,0.9999,0.9558,2238.0,0.0475,7
275,2026-08-19,FC_DEL,S2,3606,3714.2,32,11,0,3617.7,62772.32,43,0,0,3764.7,60234.4,-96.5,50.5,0.9968,0.9578,2537.92,0.0404,0
276,2026-08-19,FC_DEL,S3,2208,2274.2,21,8,0,2237.5,45355.2,29,0,0,2335.9,43384.0,-36.7,61.7,0.9868,0.9452,1971.2,0.0435,0
277,2026-08-19,FC_KOL,S1,2190,2255.7,21,7,0,2358.2,36344.0,26,0,0,2274.9,32448.0,102.5,19.2,0.9287,0.9627,3896.0,0.1072,0
278,2026-08-19,FC_KOL,S2,2454,2527.6,24,9,0,2663.0,44273.52,30,0,1,2533.2,38806.28,135.4,5.6,0.9215,0.9687,5467.24,0.1235,-1
279,2026-08-19,FC_KOL,S3,1589,1636.7,16,5,3,1593.0,30707.6,21,0,2,1642.4,29348.0,-43.7,5.7,0.9975,0.9675,1359.6,0.0443,1
280,2026-08-19,FC_MUM,S1,2725,2806.8,24,8,0,2774.5,46080.0,31,0,1,2810.5,43167.0,-32.3,3.7,0.9822,0.9696,2913.0,0.0632,-1
281,2026-08-19,FC_MUM,S2,3324,3423.7,30,10,0,3334.7,59328.0,39,1,0,3460.7,57251.52,-89.0,37.0,0.9968,0.9605,2076.48,0.035,0
282,2026-08-19,FC_MUM,S3,2036,2097.1,20,7,0,2067.6,42829.6,27,0,0,2157.8,41104.8,-29.5,60.7,0.9847,0.9436,1724.8,0.0403,0
283,2026-08-19,FC_HYD,S1,2431,2503.9,21,8,0,2564.8,38784.0,27,0,1,2507.0,34803.0,60.9,3.1,0.9478,0.9697,3981.0,0.1026,-1
284,2026-08-19,FC_HYD,S2,2615,2693.5,24,8,0,2732.9,43902.72,31,0,0,2756.5,40870.4,39.4,63.0,0.9569,0.9487,3032.32,0.0691,0
285,2026-08-19,FC_HYD,S3,1757,1809.7,16,6,4,1757.9,33418.0,22,0,2,1817.6,31510.6,-51.8,7.9,0.9995,0.9667,1907.4,0.0571,2
286,2026-08-20,FC_BLR,S1,2839,2924.2,25,9,0,3060.5,47024.0,32,0,0,3004.8,42496.0,136.3,80.6,0.9276,0.9448,4528.0,0.0963,0
287,2026-08-20,FC_BLR,S2,3321,3420.6,30,10,0,3470.4,56856.0,38,0,0,3430.9,51977.92,49.8,10.3,0.957,0.968,4878.08,0.0858,0
288,2026-08-20,FC_BLR,S3,2142,2206.3,20,7,0,2151.9,41043.2,27,0,0,2242.8,39441.6,-54.4,36.5,0.9954,0.9551,1601.6,0.039,0
289,2026-08-20,FC_DEL,S1,3331,3430.9,30,11,0,3580.3,58224.0,38,0,0,3460.1,51680.0,149.4,29.2,0.9304,0.9627,6544.0,0.1124,0
290,2026-08-20,FC_DEL,S2,3655,3764.7,32,11,4,3656.1,63835.28,43,0,0,3764.7,60234.4,-108.6,0.0,0.9997,0.9709,3600.88,0.0564,4
291,2026-08-20,FC_DEL,S3,2261,2328.8,23,8,0,2398.6,48347.2,29,0,0,2335.9,43384.0,69.8,7.1,0.9426,0.9679,4963.2,0.1027,0
292,2026-08-20,FC_KOL,S1,2240,2307.2,19,7,6,2240.9,35264.0,27,0,0,2362.4,33696.0,-66.3,55.2,0.9996,0.9482,1568.0,0.0445,6
293,2026-08-20,FC_KOL,S2,2628,2706.8,25,9,0,2747.2,45558.96,33,0,0,2776.4,42419.52,40.4,69.6,0.9566,0.9465,3139.44,0.0689,0
294,2026-08-20,FC_KOL,S3,1560,1606.8,16,6,0,1633.3,31521.6,21,0,0,1625.4,28828.8,26.5,18.6,0.9551,0.9598,2692.8,0.0854,0
295,2026-08-20,FC_MUM,S1,2884,2970.5,27,9,0,3121.3,51840.0,33,0,0,2981.3,45672.0,150.8,10.8,0.924,0.9674,6168.0,0.119,0
296,2026-08-20,FC_MUM,S2,3309,3408.3,30,10,0,3334.7,59328.0,39,1,0,3460.7,57251.52,-73.6,52.4,0.9923,0.9562,2076.48,0.035,0
297,2026-08-20,FC_MUM,S3,2076,2138.3,21,8,0,2214.6,46120.8,27,0,0,2157.8,41104.8,76.3,19.5,0.9374,0.9621,5016.0,0.1088,0
298,2026-08-20,FC_HYD,S1,2564,2640.9,22,8,0,2657.3,40064.0,29,0,0,2681.8,37120.0,16.4,40.9,0.9649,0.9561,2944.0,0.0735,0
299,2026-08-20,FC_HYD,S2,2725,2806.8,24,8,0,2732.9,43902.72,32,0,0,2845.4,42188.8,-73.9,38.6,0.9971,0.9577,1713.92,0.039,0
300,2026-08-20,FC_HYD,S3,1768,1821.0,17,6,0,1803.9,33756.8,23,0,0,1881.5,32384.0,-17.1,60.5,0.9801,0.9397,1372.8,0.0407,0
301,2026-08-21,FC_BLR,S1,3047,3138.4,25,9,0,3060.5,47024.0,34,0,0,3192.6,45152.0,-77.9,54.2,0.9956,0.9544,1872.0,0.0398,0
302,2026-08-21,FC_BLR,S2,3602,3710.1,33,11,0,3817.4,62541.6,39,3,0,3749.8,58092.0,107.3,39.7,0.9436,0.9606,4449.6,0.0711,0
303,2026-08-21,FC_BLR,S3,2230,2296.9,20,7,9,2233.7,43518.2,28,0,0,2325.8,40902.4,-63.2,28.9,0.9983,0.9588,2615.8,0.0601,9
304,2026-08-21,FC_DEL,S1,3458,3561.7,30,11,0,3580.3,58224.0,39,0,2,3571.1,53556.0,18.6,9.4,0.9658,0.9683,4668.0,0.0802,-2
305,2026-08-21,FC_DEL,S2,3807,3921.2,34,12,0,3867.0,67205.44,43,2,1,3922.7,63763.18,-54.2,1.5,0.9845,0.9705,3442.26,0.0512,-1
306,2026-08-21,FC_DEL,S3,2505,2580.2,24,9,0,2547.4,51585.6,32,0,1,2586.4,48155.8,-32.8,6.2,0.9834,0.9685,3429.8,0.0665,-1
307,2026-08-21,FC_KOL,S1,2308,2377.2,21,7,0,2358.2,36344.0,28,0,0,2449.9,34944.0,-19.0,72.7,0.9787,0.9421,1400.0,0.0385,0
308,2026-08-21,FC_KOL,S2,2861,2946.8,28,10,0,3071.1,50906.72,33,3,0,2991.0,46893.84,124.3,44.2,0.9316,0.9565,4012.88,0.0788,0
309,2026-08-21,FC_KOL,S3,1743,1795.3,18,6,0,1788.1,34267.2,23,0,2,1797.2,32093.6,-7.2,1.9,0.9748,0.9698,2173.6,0.0634,-2
310,2026-08-21,FC_MUM,S1,3091,3183.7,26,9,7,3099.9,52297.0,36,0,0,3252.3,49824.0,-83.8,68.6,0.9971,0.9504,2473.0,0.0473,7
311,2026-08-21,FC_MUM,S2,3540,3646.2,31,11,5,3541.8,63764.21,39,4,0,3679.3,62220.24,-104.4,33.1,0.9995,0.9621,1543.97,0.0242,5
312,2026-08-21,FC_MUM,S3,2234,2301.0,21,8,3,2240.7,46988.7,29,0,0,2317.6,44149.6,-60.3,16.6,0.997,0.9639,2839.1,0.0604,3
313,2026-08-21,FC_HYD,S1,2782,2865.5,24,8,0,2842.2,42624.0,31,0,0,2866.8,39680.0,-23.3,1.3,0.9788,0.9704,2944.0,0.0691,0
314,2026-08-21,FC_HYD,S2,2963,3051.9,26,9,0,2985.6,48072.16,35,0,0,3112.2,46144.0,-66.3,60.3,0.9924,0.9521,1928.16,0.0401,0
315,2026-08-21,FC_HYD,S3,1902,1959.1,18,6,2,1903.6,35699.4,24,0,0,1963.4,33792.0,-55.5,4.3,0.9992,0.9687,1907.4,0.0534,2
316,2026-08-22,FC_BLR,S1,3558,3664.7,29,10,5,3566.7,55122.0,39,0,1,3672.4,52042.0,-98.0,7.7,0.9976,0.9688,3080.0,0.0559,4
317,2026-08-22,FC_BLR,S2,3915,4032.5,35,12,0,4074.2,66859.36,39,7,0,4054.5,64420.32,41.7,22.0,0.9609,0.9656,2439.04,0.0365,0
318,2026-08-22,FC_BLR,S3,2505,2580.2,24,9,0,2624.3,50265.6,31,0,1,2584.1,45559.8,44.1,3.9,0.9545,0.9694,4705.8,0.0936,-1
319,2026-08-22,FC_DEL,S1,3779,3892.4,34,12,0,4021.7,65248.0,43,0,0,3915.3,58480.0,129.3,22.9,0.9397,0.9652,6768.0,0.1037,0
320,2026-08-22,FC_DEL,S2,4145,4269.4,37,13,0,4203.9,73039.36,43,7,0,4284.1,71655.04,-65.5,14.7,0.986,0.9675,1384.32,0.019,0
321,2026-08-22,FC_DEL,S3,2645,2724.3,26,9,0,2708.5,54577.6,34,0,0,2738.6,50864.0,-15.8,14.3,0.9766,0.9658,3713.6,0.068,0
322,2026-08-22,FC_KOL,S1,2638,2717.1,24,9,0,2769.5,42984.0,31,0,1,2722.0,38924.0,52.4,4.9,0.9525,0.9691,4060.0,0.0945,-1
323,2026-08-22,FC_KOL,S2,2895,2981.8,26,9,7,2896.0,48545.96,33,3,0,2991.0,46893.84,-85.8,9.2,0.9997,0.9679,1652.12,0.034,7
324,2026-08-22,FC_KOL,S3,1893,1949.8,19,7,0,1931.3,37232.8,25,0,2,1952.0,34839.2,-18.5,2.2,0.9802,0.9698,2393.6,0.0643,-2
325,2026-08-22,FC_MUM,S1,3234,3331.0,28,10,0,3287.4,54832.0,37,0,0,3342.7,51208.0,-43.6,11.7,0.9838,0.9675,3624.0,0.0661,0
326,2026-08-22,FC_MUM,S2,3822,3936.7,35,12,0,3914.7,69768.08,39,8,0,3970.8,68845.2,-22.0,34.1,0.9763,0.9625,922.88,0.0132,0
327,2026-08-22,FC_MUM,S3,2472,2546.2,26,9,0,2681.2,55501.6,32,0,0,2557.4,48716.8,135.0,11.2,0.922,0.9666,6784.8,0.1222,0
328,2026-08-22,FC_HYD,S1,2803,2887.1,24,9,0,2920.1,44112.0,32,0,0,2959.3,40960.0,33.0,72.2,0.9599,0.9472,3152.0,0.0715,0
329,2026-08-22,FC_HYD,S2,3145,3239.3,27,9,8,3152.3,51392.88,36,1,0,3276.0,48995.04,-87.0,36.7,0.9977,0.96,2397.84,0.0467,8
330,2026-08-22,FC_HYD,S3,2071,2133.1,20,7,0,2118.2,39617.6,26,0,1,2135.9,36875.3,-14.9,2.8,0.9777,0.9696,2742.3,0.0692,-1
331,2026-08-23,FC_BLR,S1,3134,3228.0,27,9,0,3248.3,49680.0,35,0,0,3286.5,46480.0,20.3,58.5,0.9648,0.9536,3200.0,0.0644,0
332,2026-08-23,FC_BLR,S2,3512,3617.4,30,11,0,3546.6,58438.08,39,2,0,3673.6,56509.92,-70.8,56.2,0.9902,0.956,1928.16,0.033,0
333,2026-08-23,FC_BLR,S3,2243,2310.3,22,8,0,2388.1,45654.4,28,0,0,2325.8,40902.4,77.8,15.5,0.9392,0.9644,4752.0,0.1041,0
334,2026-08-23,FC_DEL,S1,3408,3510.2,30,10,0,3503.2,56640.0,39,0,0,3551.1,53040.0,-7.0,40.9,0.9728,0.9597,3600.0,0.0636,0
335,2026-08-23,FC_DEL,S2,3959,4077.8,34,12,10,3963.0,69862.84,43,4,2,4080.7,67291.96,-114.8,2.9,0.999,0.9702,2570.88,0.0368,8
336,2026-08-23,FC_DEL,S3,2403,2475.1,24,9,0,2547.4,51585.6,31,0,0,2497.0,46376.0,72.3,21.9,0.9433,0.9624,5209.6,0.101,0
337,2026-08-23,FC_KOL,S1,2349,2419.5,22,8,0,2520.1,39040.0,28,0,0,2449.9,34944.0,100.6,30.4,0.9321,0.9588,4096.0,0.1049,0
338,2026-08-23,FC_KOL,S2,2670,2750.1,24,9,1,2672.3,44516.6,33,0,0,2776.4,42419.52,-77.8,26.3,0.9991,0.9617,2097.08,0.0471,1
339,2026-08-23,FC_KOL,S3,1684,1734.5,18,7,0,1853.9,35860.0,23,0,0,1780.2,31574.4,119.4,45.7,0.9084,0.946,4285.6,0.1195,0
340,2026-08-23,FC_MUM,S1,2938,3026.1,24,9,9,2939.0,50055.0,34,0,0,3071.7,47056.0,-87.1,45.6,0.9997,0.9565,2999.0,0.0599,9
341,2026-08-23,FC_MUM,S2,3511,3616.3,31,11,2,3513.4,62951.54,39,3,2,3625.4,61105.78,-102.9,9.1,0.9993,0.9684,1845.76,0.0293,0
342,2026-08-23,FC_MUM,S3,2246,2313.4,21,8,4,2249.5,47278.0,29,0,0,2317.6,44149.6,-63.9,4.2,0.9984,0.9691,3128.4,0.0662,4
343,2026-08-23,FC_HYD,S1,2611,2689.3,23,8,0,2749.7,41344.0,29,0,1,2691.9,37363.0,60.4,2.6,0.9496,0.9699,3981.0,0.0963,-1
344,2026-08-23,FC_HYD,S2,3027,3117.8,27,9,0,3074.5,49390.56,35,0,1,3121.9,46394.29,-43.3,4.1,0.9846,0.9696,2996.27,0.0607,-1
345,2026-08-23,FC_HYD,S3,1897,1953.9,18,7,0,1954.6,36801.6,24,0,0,1963.4,33792.0,0.7,9.5,0.9705,0.9662,3009.6,0.0818,0
346,2026-08-24,FC_BLR,S1,2735,2817.1,24,8,0,2887.4,44160.0,30,0,1,2827.3,40090.0,70.3,10.2,0.9472,0.9674,4070.0,0.0922,-1
347,2026-08-24,FC_BLR,S2,2973,3062.2,26,9,0,3033.1,49802.56,34,0,0,3069.8,46506.56,-29.1,7.6,0.9802,0.9685,3296.0,0.0662,0
348,2026-08-24,FC_BLR,S3,1856,1911.7,19,7,0,2068.8,39582.4,23,0,1,1919.6,33873.4,157.1,7.9,0.8971,0.9669,5709.0,0.1442,-1
349,2026-08-24,FC_DEL,S1,2817,2901.5,24,8,2,2822.5,45828.0,32,0,0,2913.7,43520.0,-79.0,12.2,0.9981,0.9668,2308.0,0.0504,2
350,2026-08-24,FC_DEL,S2,3415,3517.5,31,11,0,3530.2,61371.52,40,0,2,3521.3,56563.48,12.7,3.8,0.9674,0.9698,4808.04,0.0783,-2
351,2026-08-24,FC_DEL,S3,2100,2163.0,20,7,2,2106.4,42684.4,27,0,0,2174.8,40392.0,-56.6,11.8,0.997,0.9656,2292.4,0.0537,2
352,2026-08-24,FC_KOL,S1,1988,2047.6,19,7,0,2183.3,33848.0,24,0,0,2099.9,29952.0,135.7,52.3,0.9105,0.9467,3896.0,0.1151,0
353,2026-08-24,FC_KOL,S2,2443,2516.3,23,8,0,2507.3,41496.64,30,0,0,2524.0,38563.2,-9.0,7.7,0.9744,0.9679,2933.44,0.0707,0
354,2026-08-24,FC_KOL,S3,1431,1473.9,14,5,3,1438.2,27962.0,19,0,1,1479.1,26342.8,-35.7,5.2,0.995,0.9675,1619.2,0.0579,2
355,2026-08-24,FC_MUM,S1,2602,2680.1,22,8,1,2603.6,43575.0,30,0,0,2710.3,41520.0,-76.5,30.2,0.9994,0.96,2055.0,0.0472,1
356,2026-08-24,FC_MUM,S2,3001,3091.0,27,9,0,3001.2,53395.2,36,0,0,3127.2,51318.72,-89.8,36.2,0.9999,0.9596,2076.48,0.0389,0
357,2026-08-24,FC_MUM,S3,1897,1953.9,20,7,0,2067.6,42829.6,25,0,0,1998.0,38060.0,113.7,44.1,0.9175,0.9494,4769.6,0.1114,0
358,2026-08-24,FC_HYD,S1,2134,2198.0,18,7,0,2209.5,33456.0,24,0,0,2219.4,30720.0,11.5,21.4,0.9658,0.9615,2736.0,0.0818,0
359,2026-08-24,FC_HYD,S2,2596,2673.9,24,9,0,2807.7,45435.36,30,0,1,2677.3,39802.29,133.8,3.4,0.9246,0.9696,5633.07,0.124,-1
360,2026-08-24,FC_HYD,S3,1554,1600.6,16,5,0,1653.2,30712.0,20,0,0,1636.1,28160.0,52.6,35.5,0.94,0.9498,2552.0,0.0831,0
361,2026-08-25,FC_BLR,S1,3024,3114.7,25,9,0,3060.5,47024.0,34,0,0,3192.6,45152.0,-54.2,77.9,0.9881,0.9472,1872.0,0.0398,0
362,2026-08-25,FC_BLR,S2,3635,3744.1,30,11,9,3635.5,60755.58,39,3,0,3749.8,58092.0,-108.6,5.7,0.9999,0.9694,2663.58,0.0438,9
363,2026-08-25,FC_BLR,S3,2175,2240.2,21,8,0,2305.0,44193.6,27,0,0,2242.8,39441.6,64.8,2.6,0.9436,0.9698,4752.0,0.1075,0
364,2026-08-25,FC_DEL,S1,3326,3425.8,28,10,1,3331.1,54178.0,38,0,0,3460.1,51680.0,-94.7,34.3,0.9985,0.9612,2498.0,0.0461,1
365,2026-08-25,FC_DEL,S2,3925,4042.8,36,12,0,4042.1,70007.04,43,4,0,4061.5,66760.48,-0.7,18.7,0.971,0.9664,3246.56,0.0464,0
366,2026-08-25,FC_DEL,S3,2322,2391.7,21,8,10,2325.9,48193.2,30,0,0,2416.4,44880.0,-65.8,24.7,0.9983,0.9609,3313.2,0.0687,10
367,2026-08-25,FC_KOL,S1,2349,2419.5,21,8,0,2432.6,37792.0,28,0,0,2449.9,34944.0,13.1,30.4,0.9656,0.9588,2848.0,0.0754,0
368,2026-08-25,FC_KOL,S2,2529,2604.9,24,9,0,2663.0,44273.52,31,0,0,2608.1,39848.64,58.1,3.2,0.9497,0.9697,4424.88,0.0999,0
369,2026-08-25,FC_KOL,S3,1669,1719.1,16,6,5,1675.8,32819.6,22,0,2,1719.8,30720.8,-43.3,0.7,0.9959,0.9705,2098.8,0.0639,3
370,2026-08-25,FC_MUM,S1,2906,2993.2,27,9,0,3121.3,51840.0,33,0,2,3001.0,46198.0,128.1,7.8,0.931,0.9683,5642.0,0.1088,-2
371,2026-08-25,FC_MUM,S2,3210,3306.3,29,10,0,3247.8,57902.48,38,0,1,3310.5,54440.65,-58.5,4.2,0.9884,0.9696,3461.83,0.0598,-1
372,2026-08-25,FC_MUM,S3,2143,2207.3,21,7,0,2147.5,44352.0,28,0,0,2237.7,42627.2,-59.8,30.4,0.9979,0.9577,1724.8,0.0389,0
373,2026-08-25,FC_HYD,S1,2553,2629.6,21,7,7,2557.7,38997.0,29,0,0,2681.8,37120.0,-71.9,52.2,0.9982,0.952,1877.0,0.0481,7
374,2026-08-25,FC_HYD,S2,2922,3009.7,26,9,0,2985.6,48072.16,34,0,0,3023.3,44825.6,-24.1,13.6,0.9787,0.9665,3246.56,0.0675,0
375,2026-08-25,FC_HYD,S3,1780,1833.4,18,6,0,1885.7,35164.8,23,0,0,1881.5,32384.0,52.3,48.1,0.9439,0.9461,2780.8,0.0791,0
376,2026-08-26,FC_BLR,S1,3030,3120.9,26,9,0,3154.4,48352.0,34,0,0,3192.6,45152.0,33.5,71.7,0.9606,0.9491,3200.0,0.0662,0
377,2026-08-26,FC_BLR,S2,3696,3806.9,33,11,0,3817.4,62541.6,39,4,0,3825.9,59674.08,10.5,19.0,0.9682,0.966,2867.52,0.0458,0
378,2026-08-26,FC_BLR,S3,2309,2378.3,22,8,0,2388.1,45654.4,29,0,0,2408.9,42363.2,9.8,30.6,0.9669,0.9585,3291.2,0.0721,0
379,2026-08-26,FC_DEL,S1,3517,3622.5,31,11,0,3671.4,59584.0,40,0,0,3642.2,54400.0,48.9,19.7,0.9579,0.9656,5184.0,0.087,0
380,2026-08-26,FC_DEL,S2,3879,3995.4,35,12,0,3954.6,68606.24,43,3,1,3996.9,65394.7,-40.8,1.5,0.9809,0.9705,3211.54,0.0468,-1
381,2026-08-26,FC_DEL,S3,2328,2397.8,24,9,0,2547.4,51585.6,30,0,0,2416.4,44880.0,149.6,18.6,0.9139,0.9634,6705.6,0.13,0
382,2026-08-26,FC_KOL,S1,2564,2640.9,23,8,0,2607.6,40288.0,31,0,0,2712.4,38688.0,-33.3,71.5,0.9833,0.9453,1600.0,0.0397,0
383,2026-08-26,FC_KOL,S2,2648,2727.4,24,8,7,2656.2,44483.64,33,0,0,2776.4,42419.52,-71.2,49.0,0.9969,0.9538,2064.12,0.0464,7
384,2026-08-26,FC_KOL,S3,1670,1720.1,18,6,0,1788.1,34267.2,23,0,0,1780.2,31574.4,68.0,60.1,0.934,0.9381,2692.8,0.0786,0
385,2026-08-26,FC_MUM,S1,2972,3061.2,25,9,4,2980.0,50124.0,34,0,0,3071.7,47056.0,-81.2,10.5,0.9973,0.9675,3068.0,0.0612,4
386,2026-08-26,FC_MUM,S2,3551,3657.5,32,11,0,3581.3,63835.28,39,4,0,3679.3,62220.24,-76.2,21.8,0.9915,0.9651,1615.04,0.0253,0
387,2026-08-26,FC_MUM,S3,2226,2292.8,21,8,2,2232.0,46699.4,29,0,0,2317.6,44149.6,-60.8,24.8,0.9973,0.9605,2549.8,0.0546,2
388,2026-08-26,FC_HYD,S1,2593,2670.8,24,8,0,2842.2,42624.0,29,0,0,2681.8,37120.0,171.4,11.0,0.9123,0.9669,5504.0,0.1291,0
389,2026-08-26,FC_HYD,S2,3162,3256.9,29,10,0,3327.2,53560.0,36,1,0,3276.0,48995.04,70.3,19.1,0.9503,0.9652,4564.96,0.0852,0
390,2026-08-26,FC_HYD,S3,1862,1917.9,18,6,0,1885.7,35164.8,24,0,0,1963.4,33792.0,-32.2,45.5,0.9874,0.9484,1372.8,0.039,0
391,2026-08-27,FC_BLR,S1,2987,3076.6,25,9,0,3060.5,47024.0,33,0,0,3098.7,43824.0,-16.1,22.1,0.976,0.964,3200.0,0.0681,0
392,2026-08-27,FC_BLR,S2,3376,3477.3,30,10,0,3470.4,56856.0,39,0,0,3521.2,53345.76,-6.9,43.9,0.9728,0.9588,3510.24,0.0617,0
393,2026-08-27,FC_BLR,S3,2230,2296.9,21,8,0,2305.0,44193.6,28,0,0,2325.8,40902.4,8.1,28.9,0.9675,0.9588,3291.2,0.0745,0
394,2026-08-27,FC_DEL,S1,3193,3288.8,27,9,5,3202.8,52266.0,36,0,2,3297.9,49476.0,-86.0,9.1,0.9969,0.9682,2790.0,0.0534,3
395,2026-08-27,FC_DEL,S2,3745,3857.3,34,12,0,3867.0,67205.44,43,1,2,3858.1,62397.4,9.7,0.8,0.9685,0.9707,4808.04,0.0715,-2
396,2026-08-27,FC_DEL,S3,2401,2473.0,24,9,0,2547.4,51585.6,31,0,0,2497.0,46376.0,74.4,24.0,0.9425,0.9616,5209.6,0.101,0
397,2026-08-27,FC_KOL,S1,2206,2272.2,20,7,0,2270.8,35096.0,26,0,0,2274.9,32448.0,-1.4,2.7,0.9715,0.9697,2648.0,0.0755,0
398,2026-08-27,FC_KOL,S2,2550,2626.5,24,8,0,2591.5,42782.08,32,0,0,2692.2,41134.08,-35.0,65.7,0.984,0.9472,1648.0,0.0385,0
399,2026-08-27,FC_KOL,S3,1599,1647.0,18,6,0,1788.1,34267.2,22,0,0,1702.8,30201.6,141.1,55.8,0.8942,0.939,4065.6,0.1186,0
400,2026-08-27,FC_MUM,S1,2820,2904.6,25,9,0,2940.6,49072.0,32,0,2,2910.7,44814.0,36.0,6.1,0.959,0.9688,4258.0,0.0868,-2
401,2026-08-27,FC_MUM,S2,3203,3299.1,29,10,0,3247.8,57902.48,38,0,0,3301.0,54169.76,-51.3,1.9,0.9862,0.9703,3732.72,0.0645,0
402,2026-08-27,FC_MUM,S3,2137,2201.1,20,7,8,2137.4,45144.0,28,0,0,2237.7,42627.2,-63.7,36.6,0.9998,0.955,2516.8,0.0558,8
403,2026-08-27,FC_HYD,S1,2475,2549.2,21,8,0,2564.8,38784.0,28,0,0,2589.4,35840.0,15.6,40.2,0.965,0.9558,2944.0,0.0759,0
404,2026-08-27,FC_HYD,S2,2778,2861.3,24,9,0,2807.7,45435.36,33,0,0,2934.4,43507.2,-53.6,73.1,0.9894,0.9467,1928.16,0.0424,0
405,2026-08-27,FC_HYD,S3,1824,1878.7,17,6,3,1830.7,34558.7,23,0,0,1881.5,32384.0,-48.0,2.8,0.9963,0.9694,2174.7,0.0629,3
406,2026-08-28,FC_BLR,S1,3205,3301.2,27,9,0,3248.3,49680.0,36,0,0,3380.4,47808.0,-52.9,79.2,0.9867,0.9481,1872.0,0.0377,0
407,2026-08-28,FC_BLR,S2,3682,3792.5,32,11,0,3727.2,61173.76,39,4,0,3825.9,59674.08,-65.3,33.4,0.9879,0.9624,1499.68,0.0245,0
408,2026-08-28,FC_BLR,S3,2291,2359.7,21,8,0,2305.0,44193.6,29,0,0,2408.9,42363.2,-54.7,49.2,0.9939,0.9511,1830.4,0.0414,0
409,2026-08-28,FC_DEL,S1,3447,3550.4,30,11,0,3580.3,58224.0,39,0,0,3551.1,53040.0,29.9,0.7,0.9628,0.9707,5184.0,0.089,0
410,2026-08-28,FC_DEL,S2,3925,4042.8,35,12,0,3954.6,68606.24,43,4,0,4061.5,66760.48,-88.2,18.7,0.9925,0.9664,1845.76,0.0269,0
411,2026-08-28,FC_DEL,S3,2545,2621.3,24,8,8,2549.8,52113.6,33,0,0,2658.1,49368.0,-71.5,36.8,0.9981,0.9575,2745.6,0.0527,8
412,2026-08-28,FC_KOL,S1,2527,2602.8,23,8,0,2607.6,40288.0,30,0,0,2624.9,37440.0,4.8,22.1,0.9691,0.9627,2848.0,0.0707,0
413,2026-08-28,FC_KOL,S2,2633,2712.0,24,9,0,2663.0,44273.52,33,0,0,2776.4,42419.52,-49.0,64.4,0.9887,0.9484,1854.0,0.0419,0
414,2026-08-28,FC_KOL,S3,1698,1748.9,18,6,0,1788.1,34267.2,23,0,0,1780.2,31574.4,39.2,31.3,0.9496,0.9538,2692.8,0.0786,0
415,2026-08-28,FC_MUM,S1,3198,3293.9,27,9,8,3200.1,53944.0,37,0,0,3342.7,51208.0,-93.8,48.8,0.9993,0.9567,2736.0,0.0507,8
416,2026-08-28,FC_MUM,S2,3424,3526.7,32,11,0,3581.3,63835.28,39,2,0,3533.6,58907.76,54.6,6.9,0.9561,0.969,4927.52,0.0772,0
417,2026-08-28,FC_MUM,S3,2180,2245.4,23,8,0,2374.4,49165.6,28,0,1,2246.4,42916.5,129.0,1.0,0.9181,0.9704,6249.1,0.1271,-1
418,2026-08-28,FC_HYD,S1,2614,2692.4,23,8,0,2749.7,41344.0,30,0,0,2774.3,38400.0,57.3,81.9,0.9506,0.9422,2944.0,0.0712,0
419,2026-08-28,FC_HYD,S2,3106,3199.2,27,10,0,3149.4,50923.2,36,0,0,3201.1,47462.4,-49.8,1.9,0.9862,0.9703,3460.8,0.068,0
420,2026-08-28,FC_HYD,S3,1879,1935.4,17,6,9,1884.4,36162.5,24,0,0,1963.4,33792.0,-51.0,28.0,0.9971,0.957,2370.5,0.0656,9
421,2026-08-29,FC_BLR,S1,3462,3565.9,30,10,0,3609.2,55200.0,38,0,0,3568.2,50464.0,43.3,2.3,0.9592,0.9702,4736.0,0.0858,0
422,2026-08-29,FC_BLR,S2,3947,4065.4,34,12,0,3983.9,65491.52,39,7,2,4074.2,64935.32,-81.5,8.8,0.9907,0.9688,556.2,0.0085,-2
423,2026-08-29,FC_BLR,S3,2363,2433.9,24,8,0,2554.2,48576.0,30,0,0,2491.9,43824.0,120.3,58.0,0.9251,0.9483,4752.0,0.0978,0
424,2026-08-29,FC_DEL,S1,3758,3870.7,31,11,9,3761.3,61906.0,43,0,0,3915.3,58480.0,-109.4,44.6,0.9991,0.9598,3426.0,0.0553,9
425,2026-08-29,FC_DEL,S2,4295,4423.9,38,13,1,4301.0,74705.9,43,9,0,4432.4,74918.08,-122.9,8.5,0.9986,0.969,-212.18,-0.0028,1
426,2026-08-29,FC_DEL,S3,2706,2787.2,27,9,0,2789.1,56073.6,35,0,0,2819.2,52360.0,1.9,32.0,0.9702,0.9598,3713.6,0.0662,0
427,2026-08-29,FC_KOL,S1,2649,2728.5,24,8,0,2695.1,41536.0,32,0,0,2799.9,39936.0,-33.4,71.4,0.9829,0.9461,1600.0,0.0385,0
428,2026-08-29,FC_KOL,S2,2928,3015.8,28,10,0,3071.1,50906.72,33,4,0,3062.5,48385.28,55.3,46.7,0.9534,0.9561,2521.44,0.0495,0
429,2026-08-29,FC_KOL,S3,1933,1991.0,19,7,1,1939.8,37492.4,26,0,0,2012.4,35692.8,-51.2,21.4,0.9965,0.9605,1799.6,0.048,1
430,2026-08-29,FC_MUM,S1,3156,3250.7,28,10,0,3287.4,54832.0,36,0,0,3252.3,49824.0,36.7,1.6,0.96,0.9704,5008.0,0.0913,0
431,2026-08-29,FC_MUM,S2,4015,4135.4,38,13,0,4248.2,75700.88,39,10,2,4135.5,72699.46,112.8,0.1,0.9451,0.9709,3001.42,0.0396,-2
432,2026-08-29,FC_MUM,S3,2407,2479.2,24,8,0,2454.3,50688.0,31,0,1,2486.2,47483.7,-24.9,7.0,0.9807,0.9681,3204.3,0.0632,-1
433,2026-08-29,FC_HYD,S1,2900,2987.0,24,9,0,2920.1,44112.0,33,0,0,3051.7,42240.0,-66.9,64.7,0.9931,0.9503,1872.0,0.0424,0
434,2026-08-29,FC_HYD,S2,3386,3487.6,30,10,0,3416.1,54878.4,36,4,0,3500.5,53592.96,-71.5,12.9,0.9912,0.9673,1285.44,0.0234,0
435,2026-08-29,FC_HYD,S3,1980,2039.4,21,7,0,2200.0,41025.6,25,0,0,2045.2,35200.0,160.6,5.8,0.9,0.9681,5825.6,0.142,0
436,2026-08-30,FC_BLR,S1,3192,3287.8,27,10,0,3327.5,51216.0,35,0,1,3296.8,46730.0,39.7,9.0,0.9593,0.9682,4486.0,0.0876,-1
437,2026-08-30,FC_BLR,S2,3538,3644.1,30,10,7,3539.6,58658.5,39,2,0,3673.6,56509.92,-104.5,29.5,0.9995,0.9631,2148.58,0.0366,7
438,2026-08-30,FC_BLR,S3,2148,2212.4,21,8,0,2305.0,44193.6,27,0,0,2242.8,39441.6,92.6,30.4,0.9319,0.9577,4752.0,0.1075,0
439,2026-08-30,FC_DEL,S1,3462,3565.9,30,11,0,3580.3,58224.0,39,0,2,3571.1,53556.0,14.4,5.2,0.967,0.9694,4668.0,0.0802,-2
440,2026-08-30,FC_DEL,S2,3864,3979.9,35,12,0,3954.6,68606.24,43,3,0,3987.3,65128.96,-25.3,7.4,0.9771,0.9691,3477.28,0.0507,0
441,2026-08-30,FC_DEL,S3,2450,2523.5,25,9,0,2628.0,53081.6,32,0,0,2577.5,47872.0,104.5,54.0,0.9323,0.9505,5209.6,0.0981,0
442,2026-08-30,FC_KOL,S1,2319,2388.6,21,8,0,2432.6,37792.0,28,0,0,2449.9,34944.0,44.0,61.3,0.9533,0.9466,2848.0,0.0754,0
443,2026-08-30,FC_KOL,S2,2662,2741.9,24,9,0,2663.0,44273.52,33,0,0,2776.4,42419.52,-78.9,34.5,0.9996,0.9588,1854.0,0.0419,0
444,2026-08-30,FC_KOL,S3,1733,1785.0,18,7,0,1853.9,35860.0,23,0,1,1788.7,31834.0,68.9,3.7,0.9348,0.9689,4026.0,0.1123,-1
445,2026-08-30,FC_MUM,S1,3155,3249.7,27,9,4,3160.7,52892.0,36,0,0,3252.3,49824.0,-89.0,2.6,0.9982,0.9701,3068.0,0.058,4
446,2026-08-30,FC_MUM,S2,3264,3361.9,30,10,0,3334.7,59328.0,39,0,0,3387.9,55595.28,-27.2,26.0,0.9788,0.9634,3732.72,0.0629,0
447,2026-08-30,FC_MUM,S3,2245,2312.3,23,8,0,2374.4,49165.6,29,0,0,2317.6,44149.6,62.1,5.3,0.9455,0.9687,5016.0,0.102,0
448,2026-08-30,FC_HYD,S1,2592,2669.8,22,8,0,2657.3,40064.0,29,0,0,2681.8,37120.0,-12.5,12.0,0.9754,0.9665,2944.0,0.0735,0
449,2026-08-30,FC_HYD,S2,2926,3013.8,27,10,0,3149.4,50923.2,34,0,0,3023.3,44825.6,135.6,9.5,0.9291,0.9678,6097.6,0.1197,0
450,2026-08-30,FC_HYD,S3,1837,1892.1,18,6,0,1885.7,35164.8,23,0,2,1899.4,32918.6,-6.4,7.3,0.9742,0.9671,2246.2,0.0639,-2
451,2026-08-31,FC_BLR,S1,2692,2772.8,22,8,0,2699.6,41504.0,30,0,0,2817.0,39840.0,-73.2,44.2,0.9972,0.9556,1664.0,0.0401,0
452,2026-08-31,FC_BLR,S2,3156,3250.7,28,10,0,3289.8,54120.32,36,0,1,3260.2,49499.74,39.1,9.5,0.9593,0.968,4620.58,0.0854,-1
453,2026-08-31,FC_BLR,S3,2042,2103.3,20,7,0,2151.9,41043.2,26,0,0,2159.7,37980.8,48.6,56.4,0.9489,0.9455,3062.4,0.0746,0
454,2026-08-31,FC_DEL,S1,2904,2991.1,26,9,0,3061.8,49616.0,33,0,0,3004.8,44880.0,70.7,13.7,0.9485,0.9665,4736.0,0.0955,0
455,2026-08-31,FC_DEL,S2,3365,3466.0,29,10,9,3367.3,59330.06,40,0,0,3502.1,56032.0,-98.7,36.1,0.9993,0.9609,3298.06,0.0556,9
456,2026-08-31,FC_DEL,S3,2105,2168.2,21,7,0,2169.3,43612.8,27,0,0,2174.8,40392.0,1.1,6.6,0.9704,0.9679,3220.8,0.0738,0
457,2026-08-31,FC_KOL,S1,2156,2220.7,19,7,0,2183.3,33848.0,26,0,0,2274.9,32448.0,-37.4,54.2,0.9875,0.9477,1400.0,0.0414,0
458,2026-08-31,FC_KOL,S2,2371,2442.1,23,8,0,2507.3,41496.64,29,0,1,2449.1,37520.84,65.2,7.0,0.9456,0.9681,3975.8,0.0958,-1
459,2026-08-31,FC_KOL,S3,1458,1501.7,15,5,0,1490.1,28556.0,20,0,0,1548.0,27456.0,-11.6,46.3,0.9785,0.9419,1100.0,0.0385,0
460,2026-08-31,FC_MUM,S1,2562,2638.9,23,8,0,2684.1,44696.0,29,0,2,2639.7,40662.0,45.2,0.8,0.9545,0.9706,4034.0,0.0903,-2
461,2026-08-31,FC_MUM,S2,2997,3086.9,28,10,0,3160.9,56476.96,36,0,0,3127.2,51318.72,74.0,40.3,0.9481,0.9584,5158.24,0.0913,0
462,2026-08-31,FC_MUM,S3,1880,1936.4,19,7,0,1987.7,41307.2,25,0,0,1998.0,38060.0,51.3,61.6,0.9458,0.9409,3247.2,0.0786,0
463,2026-08-31,FC_HYD,S1,2309,2378.3,21,7,0,2486.9,37296.0,26,0,0,2404.4,33280.0,108.6,26.1,0.9285,0.9603,4016.0,0.1077,0
464,2026-08-31,FC_HYD,S2,2582,2659.5,23,8,0,2644.0,42584.32,30,0,0,2667.6,39552.0,-15.5,8.1,0.9766,0.9679,3032.32,0.0712,0
465,2026-08-31,FC_HYD,S3,1671,1721.1,16,6,0,1722.1,32348.8,21,0,1,1726.9,29835.3,1.0,5.8,0.9703,0.9676,2513.5,0.0777,-1
